File: C:\PDC\IMAGE\0001\068-0001-10165\1\IDENTITAS\AD DAN PERUBAHANNYA_20032020_JCA.tif, Error Msg : - JSONObject["output"] not found.
File: C:\PDC\IMAGE\0001\068-0001-10165\1\OPERASIONAL\1040096805\KTP_0203999_JESS.tiff, Error Msg : - Error - File Size too Big: C:\PDC\IMAGE\0001\068-0001-10165\1\OPERASIONAL\1040096805\KTP_0203999_JESS.tiff
File: C:\PDC\IMAGE\0001\068-0001-10165\1\OPERASIONAL\1040096805\SPECIMEN_20032020_JCA - Copy.tif, Error Msg : - JSONObject["output"] not found.
File: C:\PDC\IMAGE\0001\068-0001-10165\1\OPERASIONAL\1040096805\SURAT KUASA_20032020_JCA.tif, Error Msg : - JSONObject["output"] not found.
File: C:\PDC\IMAGE\0001\068-0001-10165\1\OPERASIONAL\1040096805\KTP_0203999_JESS.tiff, Error Msg : - Error - File Size too Big: C:\PDC\IMAGE\0001\068-0001-10165\1\OPERASIONAL\1040096805\KTP_0203999_JESS.tiff
File: C:\PDC\IMAGE\0001\068-0001-10165\1\OPERASIONAL\1040096805\SPECIMEN_20032020_JCA - Copy.tif, Error Msg : - Error - Document Type SPECIMEN is not listed in OPERASIONAL
File: C:\PDC\IMAGE\0001\068-0001-10165\1\OPERASIONAL\1040096805\SURAT KUASA_20032020_JCA.tif, Error Msg : - Error - Document Type SURAT KUASA is not listed in OPERASIONAL
dw_objid;localpath;urlpath;current_filename;original_filename;dw_obj_name;bca_cis_no;bca_acc_no;bca_doc_type;bca_doc_category;bca_doc_due_date;bca_doc_date;bca_doc_desc;bca_branch_code;bca_cust_name;bca_product_name;bca_box_no;dw_origid;version;status_import;error_msg
File: C:\PDC\IMAGE\0001\068-0001-10165\1\OPERASIONAL\1040096805\KTP_0203999_JESS.tiff, Error Msg : - Error - File Size too Big: C:\PDC\IMAGE\0001\068-0001-10165\1\OPERASIONAL\1040096805\KTP_0203999_JESS.tiff
File: C:\PDC\IMAGE\0001\068-0001-10165\1\OPERASIONAL\1040096805\SPECIMEN_20032020_JCA - Copy.tif, Error Msg : - Account No 1040096805 not registered on Cis No : 00000000001
File: C:\PDC\IMAGE\0001\068-0001-10165\1\OPERASIONAL\1040096805\SURAT KUASA_20032020_JCA.tif, Error Msg : - Account No 1040096805 not registered on Cis No : 00000000001
dw_objid;localpath;urlpath;current_filename;original_filename;dw_obj_name;bca_cis_no;bca_acc_no;bca_doc_type;bca_doc_category;bca_doc_due_date;bca_doc_date;bca_doc_desc;bca_branch_code;bca_cust_name;bca_product_name;bca_box_no;dw_origid;version;status_import;error_msg
File: C:\PDC\IMAGE\0001\068-0001-10165\1\OPERASIONAL\0368888667\KTP_0203999_JESS.tiff, Error Msg : - Error - File Size too Big: C:\PDC\IMAGE\0001\068-0001-10165\1\OPERASIONAL\0368888667\KTP_0203999_JESS.tiff
File: C:\PDC\IMAGE\0001\068-0001-10165\1\OPERASIONAL\0368888667\SPECIMEN_20032020_JCA - Copy.tif, Error Msg : - Account No 0368888667 not registered on Cis No : 00000000001
File: C:\PDC\IMAGE\0001\068-0001-10165\1\OPERASIONAL\0368888667\SURAT KUASA_20032020_JCA.tif, Error Msg : - Account No 0368888667 not registered on Cis No : 00000000001
dw_objid;localpath;urlpath;current_filename;original_filename;dw_obj_name;bca_cis_no;bca_acc_no;bca_doc_type;bca_doc_category;bca_doc_due_date;bca_doc_date;bca_doc_desc;bca_branch_code;bca_cust_name;bca_product_name;bca_box_no;dw_origid;version;status_import;error_msg
File: C:\PDC\IMAGE\0001\068-0001-10165\1\OPERASIONAL\0368888667\KTP_0203999_JESS.tiff, Error Msg : - Error - File Size too Big: C:\PDC\IMAGE\0001\068-0001-10165\1\OPERASIONAL\0368888667\KTP_0203999_JESS.tiff
File: C:\PDC\IMAGE\0001\068-0001-10165\1\OPERASIONAL\0368888667\KTP_0203999_JESS.tiff, Error Msg : - Error - File Size too Big: C:\PDC\IMAGE\0001\068-0001-10165\1\OPERASIONAL\0368888667\KTP_0203999_JESS.tiff
File: C:\PDC\IMAGE\0001\068-0001-10165\1\OPERASIONAL\0368888667\SPECIMEN_20032020_JCA - Copy.tif, Error Msg : - Customer Name Not Found for CIS 00000000001!
File: C:\PDC\IMAGE\0001\068-0001-10165\1\OPERASIONAL\0368888667\SURAT KUASA_20032020_JCA.tif, Error Msg : - Customer Name Not Found for CIS 00000000001!
File: C:\PDC\IMAGE\0001\068-0001-10165\1\OPERASIONAL\0368888667\KTP_0203999_JESS.tiff, Error Msg : - Error - File Size too Big: C:\PDC\IMAGE\0001\068-0001-10165\1\OPERASIONAL\0368888667\KTP_0203999_JESS.tiff
File: C:\PDC\IMAGE\0001\068-0001-10165\1\OPERASIONAL\0368888667\SPECIMEN_20032020_JCA - Copy.tif, Error Msg : - Customer Name Not Found for CIS 00000000001!
File: C:\PDC\IMAGE\0001\068-0001-10165\1\OPERASIONAL\0368888667\SURAT KUASA_20032020_JCA.tif, Error Msg : - Customer Name Not Found for CIS 00000000001!
File: C:\PDC\IMAGE\0001\068-0001-10165\1\IDENTITAS\NPWP_0203999_JESS.tif, Error Msg : - Date Is Not 8 Digit
File: C:\PDC\IMAGE\0001\068-0001-10165\1\OPERASIONAL\0368888667\KTP_0203999_JESS.tiff, Error Msg : - Error - File Size too Big: C:\PDC\IMAGE\0001\068-0001-10165\1\OPERASIONAL\0368888667\KTP_0203999_JESS.tiff
File: C:\PDC\IMAGE\0001\068-0001-10165\1\OPERASIONAL\0368888667\SPECIMEN_20032020_JCA - Copy.tif, Error Msg : - Account No 0368888667 not registered on Cis No : 00000000001
File: C:\PDC\IMAGE\0001\068-0001-10165\1\OPERASIONAL\0368888667\SURAT KUASA_20032020_JCA.tif, Error Msg : - Account No 0368888667 not registered on Cis No : 00000000001
dw_objid;localpath;urlpath;current_filename;original_filename;dw_obj_name;bca_cis_no;bca_acc_no;bca_doc_type;bca_doc_category;bca_doc_due_date;bca_doc_date;bca_doc_desc;bca_branch_code;bca_cust_name;bca_product_name;bca_box_no;dw_origid;version;status_import;error_msg
ad64b866-13f8-4d66-acf1-ed6f96ee55df;C:\PDC\IMAGE\0001\068-0001-10165\1\PEMREKSID\KTP_02039999_JESS.tif;/data/00000000001/PEMREKSID/KTP/ad64b866-13f8-4d66-acf1-ed6f96ee55df.tif;KTP_02039999_JESS.tif;KTP_02039999_JESS.tif;KTP_9999-03-02_JESS;00000000001;;KTP;DOKUMEN PEMREKSID;;9999-03-02;JESS;0001;jessica;;068-0001-10165;;;0;com.mashape.unirest.http.exceptions.UnirestException: java.lang.RuntimeException: java.lang.RuntimeException: org.json.JSONException: A JSONArray text must start with '[' at 1 [character 2 line 1]
File: C:\PDC\IMAGE\0001\068-0001-10165\1\IDENTITAS\NPWP_0203999_JESS.tif, Error Msg : - Date Is Not 8 Digit
File: C:\PDC\IMAGE\0001\068-0001-10165\1\OPERASIONAL\0368888667\KTP_0203999_JESS.tiff, Error Msg : - Error - File Size too Big: C:\PDC\IMAGE\0001\068-0001-10165\1\OPERASIONAL\0368888667\KTP_0203999_JESS.tiff
File: C:\PDC\IMAGE\0001\068-0001-10165\1\OPERASIONAL\0368888667\SPECIMEN_20032020_JCA - Copy.tif, Error Msg : - Account No 0368888667 not registered on Cis No : 00000000001
File: C:\PDC\IMAGE\0001\068-0001-10165\1\OPERASIONAL\0368888667\SURAT KUASA_20032020_JCA.tif, Error Msg : - Account No 0368888667 not registered on Cis No : 00000000001
dw_objid;localpath;urlpath;current_filename;original_filename;dw_obj_name;bca_cis_no;bca_acc_no;bca_doc_type;bca_doc_category;bca_doc_due_date;bca_doc_date;bca_doc_desc;bca_branch_code;bca_cust_name;bca_product_name;bca_box_no;dw_origid;version;status_import;error_msg
ddcd14ac-6294-4efe-9d5f-a91ea079ac77;C:\PDC\IMAGE\0001\068-0001-10165\1\PEMREKSID\KTP_02039999_JESS.tif;/data/00000000001/PEMREKSID/KTP/ddcd14ac-6294-4efe-9d5f-a91ea079ac77.tif;KTP_02039999_JESS.tif;KTP_02039999_JESS.tif;KTP_9999-03-02_JESS;00000000001;;KTP;DOKUMEN PEMREKSID;;9999-03-02;JESS;0001;jessica;;068-0001-10165;;;0;com.mashape.unirest.http.exceptions.UnirestException: java.lang.RuntimeException: java.lang.RuntimeException: org.json.JSONException: A JSONArray text must start with '[' at 1 [character 2 line 1]
File: C:\PDC\IMAGE\0001\068-0001-10165\1\IDENTITAS\NPWP_0203999_JESS.tif, Error Msg : - Date Is Not 8 Digit
File: C:\PDC\IMAGE\0001\068-0001-10165\1\OPERASIONAL\0368888667\KTP_0203999_JESS.tiff, Error Msg : - Error - File Size too Big: C:\PDC\IMAGE\0001\068-0001-10165\1\OPERASIONAL\0368888667\KTP_0203999_JESS.tiff
File: C:\PDC\IMAGE\0001\068-0001-10165\1\OPERASIONAL\0368888667\SPECIMEN_20032020_JCA - Copy.tif, Error Msg : - Account No 0368888667 not registered on Cis No : 00000000001
File: C:\PDC\IMAGE\0001\068-0001-10165\1\OPERASIONAL\0368888667\SURAT KUASA_20032020_JCA.tif, Error Msg : - Account No 0368888667 not registered on Cis No : 00000000001
dw_objid;localpath;urlpath;current_filename;original_filename;dw_obj_name;bca_cis_no;bca_acc_no;bca_doc_type;bca_doc_category;bca_doc_due_date;bca_doc_date;bca_doc_desc;bca_branch_code;bca_cust_name;bca_product_name;bca_box_no;dw_origid;version;status_import;error_msg
25f19b34-0bc3-4ab7-a878-4b2c55ed33bd;C:\PDC\IMAGE\0001\068-0001-10165\1\PEMREKSID\KTP_02039999_JESS.tif;/data/00000000001/PEMREKSID/KTP/25f19b34-0bc3-4ab7-a878-4b2c55ed33bd.tif;KTP_02039999_JESS.tif;KTP_02039999_JESS.tif;KTP_9999-03-02_JESS;00000000001;;KTP;DOKUMEN PEMREKSID;;9999-03-02;JESS;0001;jessica;;068-0001-10165;;;0;com.mashape.unirest.http.exceptions.UnirestException: java.lang.RuntimeException: java.lang.RuntimeException: org.json.JSONException: A JSONArray text must start with '[' at 1 [character 2 line 1]
File: C:\PDC\IMAGE\0001\068-0001-10165\1\IDENTITAS\NPWP_0203999_JESS.tif, Error Msg : - Date Is Not 8 Digit
File: C:\PDC\IMAGE\0001\068-0001-10165\1\OPERASIONAL\0368888667\KTP_0203999_JESS.tiff, Error Msg : - Error - File Size too Big: C:\PDC\IMAGE\0001\068-0001-10165\1\OPERASIONAL\0368888667\KTP_0203999_JESS.tiff
File: C:\PDC\IMAGE\0001\068-0001-10165\1\OPERASIONAL\0368888667\SPECIMEN_20032020_JCA - Copy.tif, Error Msg : - Account No 0368888667 not registered on Cis No : 00000000001
File: C:\PDC\IMAGE\0001\068-0001-10165\1\OPERASIONAL\0368888667\SURAT KUASA_20032020_JCA.tif, Error Msg : - Account No 0368888667 not registered on Cis No : 00000000001
dw_objid;localpath;urlpath;current_filename;original_filename;dw_obj_name;bca_cis_no;bca_acc_no;bca_doc_type;bca_doc_category;bca_doc_due_date;bca_doc_date;bca_doc_desc;bca_branch_code;bca_cust_name;bca_product_name;bca_box_no;dw_origid;version;status_import;error_msg
f2c229a6-5f6a-488e-b7b5-00a5a21ae627;C:\PDC\IMAGE\0001\068-0001-10165\1\PEMREKSID\KTP_02039999_JESS.tif;/data/00000000001/PEMREKSID/KTP/f2c229a6-5f6a-488e-b7b5-00a5a21ae627.tif;KTP_02039999_JESS.tif;KTP_02039999_JESS.tif;KTP_9999-03-02_JESS;00000000001;;KTP;DOKUMEN PEMREKSID;;9999-03-02;JESS;0001;jessica;;068-0001-10165;;;0;com.mashape.unirest.http.exceptions.UnirestException: java.lang.RuntimeException: java.lang.RuntimeException: org.json.JSONException: A JSONArray text must start with '[' at 1 [character 2 line 1]
File: C:\PDC\IMAGE\0001\068-0001-10165\1\IDENTITAS\NPWP_0203999_JESS.tif, Error Msg : - Date Is Not 8 Digit
File: C:\PDC\IMAGE\0001\068-0001-10165\1\OPERASIONAL\0368888667\KTP_0203999_JESS.tiff, Error Msg : - Error - File Size too Big: C:\PDC\IMAGE\0001\068-0001-10165\1\OPERASIONAL\0368888667\KTP_0203999_JESS.tiff
File: C:\PDC\IMAGE\0001\068-0001-10165\1\OPERASIONAL\0368888667\SPECIMEN_20032020_JCA - Copy.tif, Error Msg : - Account No 0368888667 not registered on Cis No : 00000000001
File: C:\PDC\IMAGE\0001\068-0001-10165\1\OPERASIONAL\0368888667\SURAT KUASA_20032020_JCA.tif, Error Msg : - Account No 0368888667 not registered on Cis No : 00000000001
dw_objid;localpath;urlpath;current_filename;original_filename;dw_obj_name;bca_cis_no;bca_acc_no;bca_doc_type;bca_doc_category;bca_doc_due_date;bca_doc_date;bca_doc_desc;bca_branch_code;bca_cust_name;bca_product_name;bca_box_no;dw_origid;version;status_import;error_msg
a8043301-c2e2-413b-9f87-d176a1cefcc6;C:\PDC\IMAGE\0001\068-0001-10165\1\PEMREKSID\KTP_02039999_JESS.tif;/data/00000000001/PEMREKSID/KTP/a8043301-c2e2-413b-9f87-d176a1cefcc6.tif;KTP_02039999_JESS.tif;KTP_02039999_JESS.tif;KTP_9999-03-02_JESS;00000000001;;KTP;DOKUMEN PEMREKSID;;9999-03-02;JESS;0001;jessica;;068-0001-10165;;;0;com.mashape.unirest.http.exceptions.UnirestException: java.lang.RuntimeException: java.lang.RuntimeException: org.json.JSONException: A JSONArray text must start with '[' at 1 [character 2 line 1]
File: C:\PDC\IMAGE\0001\068-0001-10165\1\IDENTITAS\NPWP_0203999_JESS.tif, Error Msg : - Date Is Not 8 Digit
File: C:\PDC\IMAGE\0001\068-0001-10165\1\OPERASIONAL\0368888667\KTP_0203999_JESS.tiff, Error Msg : - Error - File Size too Big: C:\PDC\IMAGE\0001\068-0001-10165\1\OPERASIONAL\0368888667\KTP_0203999_JESS.tiff
File: C:\PDC\IMAGE\0001\068-0001-10165\1\IDENTITAS\NPWP_0203999_JESS.tif, Error Msg : - Date Is Not 8 Digit
File: C:\PDC\IMAGE\0001\068-0001-10165\1\OPERASIONAL\0368888667\KTP_0203999_JESS.tiff, Error Msg : - Error - File Size too Big: C:\PDC\IMAGE\0001\068-0001-10165\1\OPERASIONAL\0368888667\KTP_0203999_JESS.tiff
File: C:\PDC\IMAGE\0001\068-0001-10165\1\IDENTITAS\NPWP_0203999_JESS.tif, Error Msg : - Date Is Not 8 Digit
File: C:\PDC\IMAGE\0001\068-0001-10165\1\OPERASIONAL\0368888667\KTP_0203999_JESS.tiff, Error Msg : - Error - File Size too Big: C:\PDC\IMAGE\0001\068-0001-10165\1\OPERASIONAL\0368888667\KTP_0203999_JESS.tiff
File: C:\PDC\IMAGE\0001\068-0001-10165\1\OPERASIONAL\0368888667\SPECIMEN_20032020_JCA - Copy.tif, Error Msg : - Account No 0368888667 not registered on Cis No : 00000000001
File: C:\PDC\IMAGE\0001\068-0001-10165\1\OPERASIONAL\0368888667\SURAT KUASA_20032020_JCA.tif, Error Msg : - Account No 0368888667 not registered on Cis No : 00000000001
dw_objid;localpath;urlpath;current_filename;original_filename;dw_obj_name;bca_cis_no;bca_acc_no;bca_doc_type;bca_doc_category;bca_doc_due_date;bca_doc_date;bca_doc_desc;bca_branch_code;bca_cust_name;bca_product_name;bca_box_no;dw_origid;version;status_import;error_msg
64f438ff-86f8-48a9-aea4-9bf85160b897;C:\PDC\IMAGE\0001\068-0001-10165\1\PEMREKSID\KTP_02039999_JESS.tif;/data/00000000001/PEMREKSID/KTP/64f438ff-86f8-48a9-aea4-9bf85160b897.tif;KTP_02039999_JESS.tif;KTP_02039999_JESS.tif;KTP_9999-03-02_JESS;00000000001;;KTP;DOKUMEN PEMREKSID;;9999-03-02;JESS;0001;jessica;;068-0001-10165;;;0;com.mashape.unirest.http.exceptions.UnirestException: java.lang.RuntimeException: java.lang.RuntimeException: org.json.JSONException: A JSONArray text must start with '[' at 1 [character 2 line 1]
File: C:\PDC\IMAGE\0001\068-0001-10165\1\IDENTITAS\NPWP_0203999_JESS.tif, Error Msg : - Date Is Not 8 Digit
File: C:\PDC\IMAGE\0001\068-0001-10165\1\OPERASIONAL\0368888667\KTP_0203999_JESS.tiff, Error Msg : - Error - File Size too Big: C:\PDC\IMAGE\0001\068-0001-10165\1\OPERASIONAL\0368888667\KTP_0203999_JESS.tiff
File: C:\PDC\IMAGE\0001\068-0001-10165\1\OPERASIONAL\0368888667\SPECIMEN_20032020_JCA - Copy.tif, Error Msg : - Account No 0368888667 not registered on Cis No : 00000000001
File: C:\PDC\IMAGE\0001\068-0001-10165\1\OPERASIONAL\0368888667\SURAT KUASA_20032020_JCA.tif, Error Msg : - Account No 0368888667 not registered on Cis No : 00000000001
dw_objid;localpath;urlpath;current_filename;original_filename;dw_obj_name;bca_cis_no;bca_acc_no;bca_doc_type;bca_doc_category;bca_doc_due_date;bca_doc_date;bca_doc_desc;bca_branch_code;bca_cust_name;bca_product_name;bca_box_no;dw_origid;version;status_import;error_msg
d65bc430-7b9e-4abf-8968-a9001745df04;C:\PDC\IMAGE\0001\068-0001-10165\1\PEMREKSID\KTP_02039999_JESS.tif;/data/00000000001/PEMREKSID/KTP/d65bc430-7b9e-4abf-8968-a9001745df04.tif;KTP_02039999_JESS.tif;KTP_02039999_JESS.tif;KTP_9999-03-02_JESS;00000000001;;KTP;DOKUMEN PEMREKSID;;9999-03-02;JESS;0001;jessica;;068-0001-10165;;;0;com.mashape.unirest.http.exceptions.UnirestException: java.lang.RuntimeException: java.lang.RuntimeException: org.json.JSONException: A JSONArray text must start with '[' at 1 [character 2 line 1]
File: C:\PDC\IMAGE\0001\068-0001-10165\1\IDENTITAS\NPWP_0203999_JESS.tif, Error Msg : - Date Is Not 8 Digit
File: C:\PDC\IMAGE\0001\068-0001-10165\1\OPERASIONAL\0368888667\KTP_0203999_JESS.tiff, Error Msg : - Error - File Size too Big: C:\PDC\IMAGE\0001\068-0001-10165\1\OPERASIONAL\0368888667\KTP_0203999_JESS.tiff
File: C:\PDC\IMAGE\0001\068-0001-10165\1\OPERASIONAL\0368888667\SPECIMEN_20032020_JCA - Copy.tif, Error Msg : - Account No 0368888667 not registered on Cis No : 00000000001
File: C:\PDC\IMAGE\0001\068-0001-10165\1\OPERASIONAL\0368888667\SURAT KUASA_20032020_JCA.tif, Error Msg : - Account No 0368888667 not registered on Cis No : 00000000001
dw_objid;localpath;urlpath;current_filename;original_filename;dw_obj_name;bca_cis_no;bca_acc_no;bca_doc_type;bca_doc_category;bca_doc_due_date;bca_doc_date;bca_doc_desc;bca_branch_code;bca_cust_name;bca_product_name;bca_box_no;dw_origid;version;status_import;error_msg
35405c03-cf06-4192-bdd5-f90db6697cb7;C:\PDC\IMAGE\0001\068-0001-10165\1\PEMREKSID\KTP_02039999_JESS.tif;/data/00000000001/PEMREKSID/KTP/35405c03-cf06-4192-bdd5-f90db6697cb7.tif;KTP_02039999_JESS.tif;KTP_02039999_JESS.tif;KTP_9999-03-02_JESS;00000000001;;KTP;DOKUMEN PEMREKSID;;9999-03-02;JESS;0001;jessica;;068-0001-10165;;;0;com.mashape.unirest.http.exceptions.UnirestException: java.lang.RuntimeException: java.lang.RuntimeException: org.json.JSONException: A JSONArray text must start with '[' at 1 [character 2 line 1]
File: C:\PDC\IMAGE\0001\068-0001-10165\1\IDENTITAS\NPWP_0203999_JESS.tif, Error Msg : - Date Is Not 8 Digit
File: C:\PDC\IMAGE\0001\068-0001-10165\1\OPERASIONAL\0368888667\KTP_0203999_JESS.tiff, Error Msg : - Error - File Size too Big: C:\PDC\IMAGE\0001\068-0001-10165\1\OPERASIONAL\0368888667\KTP_0203999_JESS.tiff
File: C:\PDC\IMAGE\0001\068-0001-10165\1\OPERASIONAL\0368888667\SPECIMEN_20032020_JCA - Copy.tif, Error Msg : - Account No 0368888667 not registered on Cis No : 00000000001
File: C:\PDC\IMAGE\0001\068-0001-10165\1\OPERASIONAL\0368888667\SURAT KUASA_20032020_JCA.tif, Error Msg : - Account No 0368888667 not registered on Cis No : 00000000001
dw_objid;localpath;urlpath;current_filename;original_filename;dw_obj_name;bca_cis_no;bca_acc_no;bca_doc_type;bca_doc_category;bca_doc_due_date;bca_doc_date;bca_doc_desc;bca_branch_code;bca_cust_name;bca_product_name;bca_box_no;dw_origid;version;status_import;error_msg
File: C:\PDC\IMAGE\0001\068-0001-10165\1\IDENTITAS\NPWP_0203999_JESS.tif, Error Msg : - Date Is Not 8 Digit
File: C:\PDC\IMAGE\0001\068-0001-10165\1\OPERASIONAL\0368888667\KTP_0203999_JESS.tiff, Error Msg : - Error - File Size too Big: C:\PDC\IMAGE\0001\068-0001-10165\1\OPERASIONAL\0368888667\KTP_0203999_JESS.tiff
File: C:\PDC\IMAGE\0001\068-0001-10165\1\OPERASIONAL\0368888667\SPECIMEN_20032020_JCA - Copy.tif, Error Msg : - Account No 0368888667 not registered on Cis No : 00000000001
File: C:\PDC\IMAGE\0001\068-0001-10165\1\OPERASIONAL\0368888667\SURAT KUASA_20032020_JCA.tif, Error Msg : - Account No 0368888667 not registered on Cis No : 00000000001
dw_objid;localpath;urlpath;current_filename;original_filename;dw_obj_name;bca_cis_no;bca_acc_no;bca_doc_type;bca_doc_category;bca_doc_due_date;bca_doc_date;bca_doc_desc;bca_branch_code;bca_cust_name;bca_product_name;bca_box_no;dw_origid;version;status_import;error_msg
File: C:\PDC\IMAGE\0001\068-0001-10165\1\IDENTITAS\NPWP_0203999_JESS.tif, Error Msg : - Date Is Not 8 Digit
File: C:\PDC\IMAGE\0001\068-0001-10165\1\OPERASIONAL\0368888667\KTP_0203999_JESS.tiff, Error Msg : - Error - File Size too Big: C:\PDC\IMAGE\0001\068-0001-10165\1\OPERASIONAL\0368888667\KTP_0203999_JESS.tiff
File: C:\PDC\IMAGE\0001\068-0001-10165\1\OPERASIONAL\0368888667\SPECIMEN_20032020_JCA - Copy.tif, Error Msg : - Account No 0368888667 not registered on Cis No : 00000000001
File: C:\PDC\IMAGE\0001\068-0001-10165\1\OPERASIONAL\0368888667\SURAT KUASA_20032020_JCA.tif, Error Msg : - Account No 0368888667 not registered on Cis No : 00000000001
File: C:\PDC\IMAGE\0001\068-0001-10165\1\PEMREKSID\FORM SID REKSA DANA_0203999_JESS.tif, Error Msg : - Date Is Not 8 Digit
File: C:\PDC\IMAGE\0001\068-0001-10165\1\IDENTITAS\NPWP_0203999_JESS.tif, Error Msg : - Date Is Not 8 Digit
File: C:\PDC\IMAGE\0001\068-0001-10165\1\OPERASIONAL\0368888667\KTP_0203999_JESS.tiff, Error Msg : - Error - File Size too Big: C:\PDC\IMAGE\0001\068-0001-10165\1\OPERASIONAL\0368888667\KTP_0203999_JESS.tiff
File: C:\PDC\IMAGE\0001\068-0001-10165\1\OPERASIONAL\0368888667\SPECIMEN_20032020_JCA - Copy.tif, Error Msg : - Account No 0368888667 not registered on Cis No : 00000000001
File: C:\PDC\IMAGE\0001\068-0001-10165\1\OPERASIONAL\0368888667\SURAT KUASA_20032020_JCA.tif, Error Msg : - Account No 0368888667 not registered on Cis No : 00000000001
dw_objid;localpath;urlpath;current_filename;original_filename;dw_obj_name;bca_cis_no;bca_acc_no;bca_doc_type;bca_doc_category;bca_doc_due_date;bca_doc_date;bca_doc_desc;bca_branch_code;bca_cust_name;bca_product_name;bca_box_no;dw_origid;version;status_import;error_msg
File: C:\PDC\IMAGE\0001\068-0001-10165\1\IDENTITAS\NPWP_0203999_JESS.tif, Error Msg : - Date Is Not 8 Digit
File: C:\PDC\IMAGE\0001\068-0001-10165\1\OPERASIONAL\0368888667\KTP_0203999_JESS.tiff, Error Msg : - Error - File Size too Big: C:\PDC\IMAGE\0001\068-0001-10165\1\OPERASIONAL\0368888667\KTP_0203999_JESS.tiff
File: C:\PDC\IMAGE\0001\068-0001-10165\1\OPERASIONAL\0368888667\SPECIMEN_20032020_JCA - Copy.tif, Error Msg : - Account No 0368888667 not registered on Cis No : 00000000001
File: C:\PDC\IMAGE\0001\068-0001-10165\1\OPERASIONAL\0368888667\SURAT KUASA_20032020_JCA.tif, Error Msg : - Account No 0368888667 not registered on Cis No : 00000000001
dw_objid;localpath;urlpath;current_filename;original_filename;dw_obj_name;bca_cis_no;bca_acc_no;bca_doc_type;bca_doc_category;bca_doc_due_date;bca_doc_date;bca_doc_desc;bca_branch_code;bca_cust_name;bca_product_name;bca_box_no;dw_origid;version;status_import;error_msg
localpath;file_type;bca_cis_no;bca_acc_no;bca_doc_type;bca_doc_category;bca_doc_due_date;bca_doc_date;bca_doc_desc;bca_branch_code;bca_cust_name;bca_product_name;bca_box_no;status_import;error_msg
