dw_objid;localpath;urlpath;current_filename;original_filename;dw_obj_name;bca_cis_no;bca_acc_no;bca_doc_type;bca_doc_category;bca_doc_due_date;bca_doc_date;bca_doc_desc;bca_branch_code;bca_cust_name;bca_product_name;bca_box_no;dw_origid;version;status_upload
dw_objid;localpath;urlpath;current_filename;original_filename;dw_obj_name;bca_cis_no;bca_acc_no;bca_doc_type;bca_doc_category;bca_doc_due_date;bca_doc_date;bca_doc_desc;bca_branch_code;bca_cust_name;bca_product_name;bca_box_no;dw_origid;version;status_upload
dw_objid;localpath;urlpath;current_filename;original_filename;dw_obj_name;bca_cis_no;bca_acc_no;bca_doc_type;bca_doc_category;bca_doc_due_date;bca_doc_date;bca_doc_desc;bca_branch_code;bca_cust_name;bca_product_name;bca_box_no;dw_origid;version;status_upload
caef2222-b13a-4da7-a071-2cfb0d99cb64;C:\PDC\IMAGE\0001\068-0001-10165\1\IDENTITAS\AD DAN PERUBAHANNYA_20032020_JCA.tif;00000000001/IDENTITAS/AD%20DAN%20PERUBAHANNYA/caef2222-b13a-4da7-a071-2cfb0d99cb64;AD DAN PERUBAHANNYA_20032020_JCA.tif;;AD DAN PERUBAHANNYA_2020-03-20_JCA;00000000001;;AD DAN PERUBAHANNYA;DOKUMEN IDENTITAS;;2020-03-20;JCA;0001;;;068-0001-10165;;;200
dw_objid;localpath;urlpath;current_filename;original_filename;dw_obj_name;bca_cis_no;bca_acc_no;bca_doc_type;bca_doc_category;bca_doc_due_date;bca_doc_date;bca_doc_desc;bca_branch_code;bca_cust_name;bca_product_name;bca_box_no;dw_origid;version;status_upload
dw_objid;localpath;urlpath;current_filename;original_filename;dw_obj_name;bca_cis_no;bca_acc_no;bca_doc_type;bca_doc_category;bca_doc_due_date;bca_doc_date;bca_doc_desc;bca_branch_code;bca_cust_name;bca_product_name;bca_box_no;dw_origid;version;status_upload
dw_objid;localpath;urlpath;current_filename;original_filename;dw_obj_name;bca_cis_no;bca_acc_no;bca_doc_type;bca_doc_category;bca_doc_due_date;bca_doc_date;bca_doc_desc;bca_branch_code;bca_cust_name;bca_product_name;bca_box_no;dw_origid;version;status_upload
dw_objid;localpath;urlpath;current_filename;original_filename;dw_obj_name;bca_cis_no;bca_acc_no;bca_doc_type;bca_doc_category;bca_doc_due_date;bca_doc_date;bca_doc_desc;bca_branch_code;bca_cust_name;bca_product_name;bca_box_no;dw_origid;version;status_upload
dw_objid;localpath;urlpath;current_filename;original_filename;dw_obj_name;bca_cis_no;bca_acc_no;bca_doc_type;bca_doc_category;bca_doc_due_date;bca_doc_date;bca_doc_desc;bca_branch_code;bca_cust_name;bca_product_name;bca_box_no;dw_origid;version;status_upload
dw_objid;localpath;urlpath;current_filename;original_filename;dw_obj_name;bca_cis_no;bca_acc_no;bca_doc_type;bca_doc_category;bca_doc_due_date;bca_doc_date;bca_doc_desc;bca_branch_code;bca_cust_name;bca_product_name;bca_box_no;dw_origid;version;status_upload
dw_objid;localpath;urlpath;current_filename;original_filename;dw_obj_name;bca_cis_no;bca_acc_no;bca_doc_type;bca_doc_category;bca_doc_due_date;bca_doc_date;bca_doc_desc;bca_branch_code;bca_cust_name;bca_product_name;bca_box_no;dw_origid;version;status_upload
dw_objid;localpath;urlpath;current_filename;original_filename;dw_obj_name;bca_cis_no;bca_acc_no;bca_doc_type;bca_doc_category;bca_doc_due_date;bca_doc_date;bca_doc_desc;bca_branch_code;bca_cust_name;bca_product_name;bca_box_no;dw_origid;version;status_upload
dw_objid;localpath;urlpath;current_filename;original_filename;dw_obj_name;bca_cis_no;bca_acc_no;bca_doc_type;bca_doc_category;bca_doc_due_date;bca_doc_date;bca_doc_desc;bca_branch_code;bca_cust_name;bca_product_name;bca_box_no;dw_origid;version;status_upload
dw_objid;localpath;urlpath;current_filename;original_filename;dw_obj_name;bca_cis_no;bca_acc_no;bca_doc_type;bca_doc_category;bca_doc_due_date;bca_doc_date;bca_doc_desc;bca_branch_code;bca_cust_name;bca_product_name;bca_box_no;dw_origid;version;status_upload
ab0afb42-5abc-4dd4-bc2e-a141639922a1;C:\PDC\IMAGE\0001\068-0001-10165\1\PEMREKSID\KTP_02039999_JESS.tif;00000000001/PEMREKSID/KTP/ab0afb42-5abc-4dd4-bc2e-a141639922a1;KTP_02039999_JESS.tif;;KTP_9999-03-02_JESS;00000000001;;KTP;DOKUMEN PEMREKSID;;9999-03-02;JESS;0001;jessica;;068-0001-10165;;;200
dw_objid;localpath;urlpath;current_filename;original_filename;dw_obj_name;bca_cis_no;bca_acc_no;bca_doc_type;bca_doc_category;bca_doc_due_date;bca_doc_date;bca_doc_desc;bca_branch_code;bca_cust_name;bca_product_name;bca_box_no;dw_origid;version;status_upload
faac8cdc-f88c-47d9-9d84-e0998ee7d816;C:\PDC\IMAGE\0001\068-0001-10165\1\PEMREKSID\FORM SID REKSA DANA_02039999_JESS.tif;00000000001/PEMREKSID/FORM%20SID%20REKSA%20DANA/faac8cdc-f88c-47d9-9d84-e0998ee7d816;FORM SID REKSA DANA_02039999_JESS.tif;;FORM SID REKSA DANA_9999-03-02_JESS;00000000001;;FORM SID REKSA DANA;DOKUMEN PEMREKSID;;9999-03-02;JESS;0001;jessica;;068-0001-10165;;;200
dw_objid;localpath;urlpath;current_filename;original_filename;dw_obj_name;bca_cis_no;bca_acc_no;bca_doc_type;bca_doc_category;bca_doc_due_date;bca_doc_date;bca_doc_desc;bca_branch_code;bca_cust_name;bca_product_name;bca_box_no;dw_origid;version;status_upload
698cf15c-abe3-4955-80e3-be0838807577;C:\PDC\IMAGE\0001\068-0001-10165\1\PEMREKSID\FORM SID REKSA DANA_02039999_JESS.tif;00000000001/PEMREKSID/FORM%20SID%20REKSA%20DANA/698cf15c-abe3-4955-80e3-be0838807577;FORM SID REKSA DANA_02039999_JESS.tif;;FORM SID REKSA DANA_9999-03-02_JESS;00000000001;;FORM SID REKSA DANA;DOKUMEN PEMREKSID;;9999-03-02;JESS;0001;jessica;;068-0001-10165;;;200
r_object_id;localpath;file_type;bca_cis_no;bca_acc_no;bca_doc_type;bca_doc_category;bca_doc_due_date;bca_doc_date;bca_doc_desc;bca_branch_code;bca_cust_name;bca_product_name;bca_box_no;status_upload
C8A53B8D-BBBB-3046-E053-41022B0AC152;C:\PDC\upload\uat\0888\lokasi 1\00000192785\PENCAIRANDTB\0060630020\SURAT HILANG_26072021_JCASIT.jpg;JPG;00000192785;0060630020;SURAT HILANG;DOKUMEN PENCAIRANDTB;;2021-07-26;JCASIT;0888;LARASATI A1;;lokasi 1;200
