dw_objid;localpath;urlpath;current_filename;original_filename;dw_obj_name;bca_cis_no;bca_acc_no;bca_doc_type;bca_doc_category;bca_doc_due_date;bca_doc_date;bca_doc_desc;bca_branch_code;bca_cust_name;bca_product_name;bca_box_no;dw_origid;version;status_upload;error_msg
db8b8ec7-c358-41bb-bcf9-1527c27306cf;C:\PDC\IMAGE\0001\068-0001-10165\1\IDENTITAS\AD DAN PERUBAHANNYA_20032020_JCA.tif;/data/00000000001/IDENTITAS/AD DAN PERUBAHANNYA//db8b8ec7-c358-41bb-bcf9-1527c27306cf.tif;AD DAN PERUBAHANNYA_20032020_JCA.tif;AD DAN PERUBAHANNYA_20032020_JCA.tif;AD DAN PERUBAHANNYA_2020-03-20_JCA;00000000001;;AD DAN PERUBAHANNYA;DOKUMEN IDENTITAS;;2020-03-20;JCA;0001;;;068-0001-10165;;;500
dw_objid;localpath;urlpath;current_filename;original_filename;dw_obj_name;bca_cis_no;bca_acc_no;bca_doc_type;bca_doc_category;bca_doc_due_date;bca_doc_date;bca_doc_desc;bca_branch_code;bca_cust_name;bca_product_name;bca_box_no;dw_origid;version;status_upload;error_msg
b764de4b-0f45-4034-badb-16e6ed61eec8;C:\PDC\IMAGE\0001\068-0001-10165\1\IDENTITAS\AD DAN PERUBAHANNYA_20032020_JCA.tif;/data/00000000001/IDENTITAS/AD DAN PERUBAHANNYA//b764de4b-0f45-4034-badb-16e6ed61eec8.tif;AD DAN PERUBAHANNYA_20032020_JCA.tif;AD DAN PERUBAHANNYA_20032020_JCA.tif;AD DAN PERUBAHANNYA_2020-03-20_JCA;00000000001;;AD DAN PERUBAHANNYA;DOKUMEN IDENTITAS;;2020-03-20;JCA;0001;;;068-0001-10165;;;500
dw_objid;localpath;urlpath;current_filename;original_filename;dw_obj_name;bca_cis_no;bca_acc_no;bca_doc_type;bca_doc_category;bca_doc_due_date;bca_doc_date;bca_doc_desc;bca_branch_code;bca_cust_name;bca_product_name;bca_box_no;dw_origid;version;status_upload;error_msg
dw_objid;localpath;urlpath;current_filename;original_filename;dw_obj_name;bca_cis_no;bca_acc_no;bca_doc_type;bca_doc_category;bca_doc_due_date;bca_doc_date;bca_doc_desc;bca_branch_code;bca_cust_name;bca_product_name;bca_box_no;dw_origid;version;status_upload;error_msg
dw_objid;localpath;urlpath;current_filename;original_filename;dw_obj_name;bca_cis_no;bca_acc_no;bca_doc_type;bca_doc_category;bca_doc_due_date;bca_doc_date;bca_doc_desc;bca_branch_code;bca_cust_name;bca_product_name;bca_box_no;dw_origid;version;status_upload;error_msg
dw_objid;localpath;urlpath;current_filename;original_filename;dw_obj_name;bca_cis_no;bca_acc_no;bca_doc_type;bca_doc_category;bca_doc_due_date;bca_doc_date;bca_doc_desc;bca_branch_code;bca_cust_name;bca_product_name;bca_box_no;dw_origid;version;status_upload;error_msg
dw_objid;localpath;urlpath;current_filename;original_filename;dw_obj_name;bca_cis_no;bca_acc_no;bca_doc_type;bca_doc_category;bca_doc_due_date;bca_doc_date;bca_doc_desc;bca_branch_code;bca_cust_name;bca_product_name;bca_box_no;dw_origid;version;status_upload;error_msg
dw_objid;localpath;urlpath;current_filename;original_filename;dw_obj_name;bca_cis_no;bca_acc_no;bca_doc_type;bca_doc_category;bca_doc_due_date;bca_doc_date;bca_doc_desc;bca_branch_code;bca_cust_name;bca_product_name;bca_box_no;dw_origid;version;status_upload;error_msg
dw_objid;localpath;urlpath;current_filename;original_filename;dw_obj_name;bca_cis_no;bca_acc_no;bca_doc_type;bca_doc_category;bca_doc_due_date;bca_doc_date;bca_doc_desc;bca_branch_code;bca_cust_name;bca_product_name;bca_box_no;dw_origid;version;status_upload;error_msg
dw_objid;localpath;urlpath;current_filename;original_filename;dw_obj_name;bca_cis_no;bca_acc_no;bca_doc_type;bca_doc_category;bca_doc_due_date;bca_doc_date;bca_doc_desc;bca_branch_code;bca_cust_name;bca_product_name;bca_box_no;dw_origid;version;status_upload;error_msg
dw_objid;localpath;urlpath;current_filename;original_filename;dw_obj_name;bca_cis_no;bca_acc_no;bca_doc_type;bca_doc_category;bca_doc_due_date;bca_doc_date;bca_doc_desc;bca_branch_code;bca_cust_name;bca_product_name;bca_box_no;dw_origid;version;status_upload;error_msg
dw_objid;localpath;urlpath;current_filename;original_filename;dw_obj_name;bca_cis_no;bca_acc_no;bca_doc_type;bca_doc_category;bca_doc_due_date;bca_doc_date;bca_doc_desc;bca_branch_code;bca_cust_name;bca_product_name;bca_box_no;dw_origid;version;status_upload;error_msg
dw_objid;localpath;urlpath;current_filename;original_filename;dw_obj_name;bca_cis_no;bca_acc_no;bca_doc_type;bca_doc_category;bca_doc_due_date;bca_doc_date;bca_doc_desc;bca_branch_code;bca_cust_name;bca_product_name;bca_box_no;dw_origid;version;status_upload;error_msg
dw_objid;localpath;urlpath;current_filename;original_filename;dw_obj_name;bca_cis_no;bca_acc_no;bca_doc_type;bca_doc_category;bca_doc_due_date;bca_doc_date;bca_doc_desc;bca_branch_code;bca_cust_name;bca_product_name;bca_box_no;dw_origid;version;status_upload;error_msg
dw_objid;localpath;urlpath;current_filename;original_filename;dw_obj_name;bca_cis_no;bca_acc_no;bca_doc_type;bca_doc_category;bca_doc_due_date;bca_doc_date;bca_doc_desc;bca_branch_code;bca_cust_name;bca_product_name;bca_box_no;dw_origid;version;status_upload;error_msg
r_object_id;localpath;file_type;bca_cis_no;bca_acc_no;bca_doc_type;bca_doc_category;bca_doc_due_date;bca_doc_date;bca_doc_desc;bca_branch_code;bca_cust_name;bca_product_name;bca_box_no;status_upload;error_msg
